price,area,airconditioning,prefarea
13300000,7420,yes,yes
12250000,8960,yes,no
12250000,9960,no,yes
12215000,7500,yes,yes
11410000,7420,yes,no
10850000,7500,yes,yes
10150000,8580,yes,yes
10150000,16200,no,no
9870000,8100,yes,yes
9800000,5750,yes,yes
9800000,13200,yes,yes
9681000,6000,no,no
9310000,6550,yes,yes
9240000,3500,no,no
9240000,7800,no,yes
9100000,6000,no,no
9100000,6600,yes,yes
8960000,8500,yes,no
8890000,4600,yes,no
8855000,6420,yes,yes
8750000,4320,no,no
8680000,7155,yes,no
8645000,8050,yes,no
8645000,4560,yes,no
8575000,8800,yes,no
8540000,6540,yes,yes
8463000,6000,yes,yes
8400000,8875,no,no
8400000,7950,no,no
8400000,5500,yes,yes
8400000,7475,yes,no
8400000,7000,yes,no
8295000,4880,yes,yes
8190000,5960,no,no
8120000,6840,yes,no
8080940,7000,yes,no
8043000,7482,no,yes
7980000,9000,yes,no
7962500,6000,yes,no
7910000,6000,yes,no
7875000,6550,yes,yes
7840000,6360,yes,yes
7700000,6480,yes,no
7700000,6000,no,no
7560000,6000,yes,no
7560000,6000,yes,no
7525000,6000,yes,no
7490000,6600,yes,yes
7455000,4300,no,no
7420000,7440,yes,yes
7420000,7440,no,yes
7420000,6325,yes,no
7350000,6000,yes,no
7350000,5150,yes,no
7350000,6000,yes,no
7350000,6000,yes,no
7343000,11440,no,yes
7245000,9000,yes,yes
7210000,7680,yes,no
7210000,6000,yes,no
7140000,6000,no,no
7070000,8880,yes,no
7070000,6240,yes,no
7035000,6360,yes,yes
7000000,11175,yes,yes
6930000,8880,yes,no
6930000,13200,no,no
6895000,7700,no,no
6860000,6000,yes,no
6790000,12090,no,yes
6790000,4000,yes,yes
6755000,6000,yes,no
6720000,5020,yes,yes
6685000,6600,no,yes
6650000,4040,no,no
6650000,4260,no,no
6650000,6420,yes,yes
6650000,6500,yes,yes
6650000,5700,yes,yes
6650000,6000,yes,no
6629000,6000,no,yes
6615000,4000,yes,no
6615000,10500,yes,yes
6580000,6000,yes,no
6510000,3760,no,no
6510000,8250,yes,no
6510000,6670,no,yes
6475000,3960,no,no
6475000,7410,yes,yes
6440000,8580,no,no
6440000,5000,yes,no
6419000,6750,no,yes
6405000,4800,yes,no
6300000,7200,yes,no
6300000,6000,no,no
6300000,4100,yes,no
6300000,9000,no,yes
6300000,6400,yes,yes
6293000,6600,yes,yes
6265000,6000,no,yes
6230000,6600,yes,yes
6230000,5500,no,yes
6195000,5500,yes,no
6195000,6350,yes,no
6195000,5500,no,yes
6160000,4500,yes,no
6160000,5450,yes,yes
6125000,6420,no,yes
6107500,3240,no,no
6090000,6615,no,no
6090000,6600,no,yes
6090000,8372,yes,no
6083000,4300,no,no
6083000,9620,no,yes
6020000,6800,no,no
6020000,8000,yes,yes
6020000,6900,no,yes
5950000,3700,yes,no
5950000,6420,yes,yes
5950000,7020,yes,yes
5950000,6540,no,yes
5950000,7231,yes,yes
5950000,6254,no,yes
5950000,7320,no,no
5950000,6525,no,no
5943000,15600,yes,no
5880000,7160,no,yes
5880000,6500,yes,no
5873000,5500,yes,no
5873000,11460,no,yes
5866000,4800,no,no
5810000,5828,no,no
5810000,5200,yes,no
5810000,4800,yes,no
5803000,7000,no,yes
5775000,6000,yes,no
5740000,5400,yes,no
5740000,4640,no,no
5740000,5000,yes,no
5740000,6360,yes,yes
5740000,5800,yes,no
5652500,6660,no,yes
5600000,10500,no,no
5600000,4800,no,no
5600000,4700,yes,no
5600000,5000,no,no
5600000,10500,no,no
5600000,5500,no,no
5600000,6360,no,yes
5600000,6600,no,yes
5600000,5136,yes,yes
5565000,4400,yes,yes
5565000,5400,yes,yes
5530000,3300,no,no
5530000,3650,no,no
5530000,6100,no,yes
5523000,6900,no,yes
5495000,2817,no,no
5495000,7980,no,no
5460000,3150,yes,no
5460000,6210,yes,no
5460000,6100,yes,yes
5460000,6600,no,yes
5425000,6825,yes,yes
5390000,6710,no,yes
5383000,6450,no,no
5320000,7800,yes,yes
5285000,4600,yes,no
5250000,4260,yes,no
5250000,6540,yes,no
5250000,5500,no,no
5250000,10269,no,yes
5250000,8400,yes,yes
5250000,5300,yes,yes
5250000,3800,no,yes
5250000,9800,no,no
5250000,8520,yes,no
5243000,6050,no,yes
5229000,7085,no,yes
5215000,3180,no,no
5215000,4500,yes,no
5215000,7200,no,yes
5145000,3410,yes,no
5145000,7980,no,yes
5110000,3000,no,no
5110000,3000,no,no
5110000,11410,no,yes
5110000,6100,yes,yes
5075000,5720,yes,yes
5040000,3540,no,no
5040000,7600,yes,no
5040000,10700,no,no
5040000,6600,no,yes
5033000,4800,no,no
5005000,8150,no,no
4970000,4410,no,no
4970000,7686,no,no
4956000,2800,yes,no
4935000,5948,yes,no
4907000,4200,no,no
4900000,4520,yes,no
4900000,4095,yes,no
4900000,4120,no,no
4900000,5400,no,no
4900000,4770,no,no
4900000,6300,yes,no
4900000,5800,yes,no
4900000,3000,yes,no
4900000,2970,no,no
4900000,6720,no,no
4900000,4646,no,no
4900000,12900,no,no
4893000,3420,yes,no
4893000,4995,no,no
4865000,4350,no,no
4830000,4160,no,no
4830000,6040,no,yes
4830000,6862,yes,yes
4830000,4815,yes,yes
4795000,7000,no,no
4795000,8100,yes,no
4767000,3420,no,no
4760000,9166,yes,no
4760000,6321,yes,no
4760000,10240,yes,yes
4753000,6440,yes,no
4690000,5170,yes,no
4690000,6000,yes,no
4690000,3630,no,no
4690000,9667,no,no
4690000,5400,no,yes
4690000,4320,no,yes
4655000,3745,no,no
4620000,4160,yes,no
4620000,3880,no,no
4620000,5680,yes,no
4620000,2870,no,yes
4620000,5010,no,no
4613000,4510,no,no
4585000,4000,no,no
4585000,3840,no,yes
4550000,3760,no,no
4550000,3640,yes,no
4550000,2550,no,no
4550000,5320,no,yes
4550000,5360,no,yes
4550000,3520,no,yes
4550000,8400,no,no
4543000,4100,no,no
4543000,4990,no,yes
4515000,3510,no,no
4515000,3450,no,no
4515000,9860,no,no
4515000,3520,no,yes
4480000,4510,yes,no
4480000,5885,yes,no
4480000,4000,no,no
4480000,8250,no,no
4480000,4040,no,no
4473000,6360,yes,no
4473000,3162,yes,no
4473000,3510,no,no
4445000,3750,no,no
4410000,3968,no,no
4410000,4900,no,no
4403000,2880,no,yes
4403000,4880,no,yes
4403000,4920,no,no
4382000,4950,yes,no
4375000,3900,no,no
4340000,4500,no,no
4340000,1905,no,no
4340000,4075,no,no
4340000,3500,no,no
4340000,6450,no,no
4319000,4032,no,no
4305000,4400,no,no
4305000,10360,no,yes
4277000,3400,no,yes
4270000,6360,no,no
4270000,6360,no,no
4270000,4500,yes,no
4270000,2175,yes,no
4270000,4360,no,no
4270000,7770,no,no
4235000,6650,no,no
4235000,2787,no,yes
4200000,5500,yes,no
4200000,5040,yes,no
4200000,5850,no,no
4200000,2610,no,no
4200000,2953,yes,no
4200000,2747,no,no
4200000,4410,no,no
4200000,4000,no,no
4200000,2325,no,no
4200000,4600,yes,no
4200000,3640,no,no
4200000,5800,no,no
4200000,7000,no,no
4200000,4079,no,no
4200000,3520,no,yes
4200000,2145,no,yes
4200000,4500,no,no
4193000,8250,no,no
4193000,3450,no,no
4165000,4840,no,no
4165000,4080,no,no
4165000,4046,no,no
4130000,4632,yes,no
4130000,5985,no,no
4123000,6060,no,no
4098500,3600,yes,yes
4095000,3680,no,no
4095000,4040,no,no
4095000,5600,yes,no
4060000,5900,no,no
4060000,4992,no,no
4060000,4340,no,no
4060000,3000,yes,no
4060000,4320,no,yes
4025000,3630,no,no
4025000,3460,yes,no
4025000,5400,no,no
4007500,4500,yes,no
4007500,3460,yes,no
3990000,4100,no,no
3990000,6480,yes,no
3990000,4500,yes,no
3990000,3960,no,no
3990000,4050,no,yes
3920000,7260,no,no
3920000,5500,no,no
3920000,3000,no,no
3920000,3290,no,no
3920000,3816,yes,no
3920000,8080,yes,no
3920000,2145,no,yes
3885000,3780,no,no
3885000,3180,no,no
3850000,5300,no,no
3850000,3180,no,no
3850000,7152,yes,no
3850000,4080,no,no
3850000,3850,no,no
3850000,2015,no,yes
3850000,2176,no,yes
3836000,3350,no,no
3815000,3150,no,no
3780000,4820,no,no
3780000,3420,no,no
3780000,3600,no,no
3780000,5830,no,no
3780000,2856,no,yes
3780000,8400,no,no
3773000,8250,no,no
3773000,2520,yes,no
3773000,6930,no,no
3745000,3480,no,yes
3710000,3600,no,no
3710000,4040,no,no
3710000,6020,no,no
3710000,4050,no,no
3710000,3584,no,no
3703000,3120,no,no
3703000,5450,no,no
3675000,3630,no,no
3675000,3630,yes,no
3675000,5640,no,no
3675000,3600,no,no
3640000,4280,yes,no
3640000,3570,no,no
3640000,3180,no,no
3640000,3000,yes,no
3640000,3520,no,no
3640000,5960,no,no
3640000,4130,no,no
3640000,2850,no,yes
3640000,2275,yes,yes
3633000,3520,no,yes
3605000,4500,no,no
3605000,4000,no,yes
3570000,3150,no,no
3570000,4500,no,no
3570000,4500,no,no
3570000,3640,no,no
3535000,3850,no,no
3500000,4240,yes,no
3500000,3650,no,no
3500000,4600,no,no
3500000,2135,no,no
3500000,3036,no,no
3500000,3990,no,no
3500000,7424,no,no
3500000,3480,yes,no
3500000,3600,no,no
3500000,3640,no,no
3500000,5900,no,no
3500000,3120,no,no
3500000,7350,no,no
3500000,3512,no,yes
3500000,9500,no,yes
3500000,5880,no,no
3500000,12944,no,no
3493000,4900,no,no
3465000,3060,no,no
3465000,5320,no,yes
3465000,2145,no,yes
3430000,4000,no,no
3430000,3185,no,no
3430000,3850,no,no
3430000,2145,no,yes
3430000,2610,no,yes
3430000,1950,no,yes
3423000,4040,no,no
3395000,4785,yes,no
3395000,3450,no,no
3395000,3640,no,no
3360000,3500,yes,no
3360000,4960,no,no
3360000,4120,no,no
3360000,4750,no,no
3360000,3720,yes,no
3360000,3750,no,no
3360000,3100,no,no
3360000,3185,no,no
3353000,2700,no,no
3332000,2145,no,yes
3325000,4040,no,no
3325000,4775,no,no
3290000,2500,yes,no
3290000,3180,yes,no
3290000,6060,no,no
3290000,3480,no,no
3290000,3792,no,no
3290000,4040,no,no
3290000,2145,no,yes
3290000,5880,no,no
3255000,4500,no,no
3255000,3930,no,no
3234000,3640,no,no
3220000,4370,no,no
3220000,2684,yes,no
3220000,4320,no,no
3220000,3120,no,no
3150000,3450,no,no
3150000,3986,no,no
3150000,3500,no,no
3150000,4095,no,no
3150000,1650,no,no
3150000,3450,no,no
3150000,6750,no,no
3150000,9000,no,no
3150000,3069,no,no
3143000,4500,yes,no
3129000,5495,no,no
3118850,2398,no,yes
3115000,3000,yes,no
3115000,3850,no,no
3115000,3500,no,no
3087000,8100,no,no
3080000,4960,yes,no
3080000,2160,no,no
3080000,3090,no,no
3080000,4500,no,no
3045000,3800,no,no
3010000,3090,no,no
3010000,3240,no,no
3010000,2835,no,no
3010000,4600,no,no
3010000,5076,no,no
3010000,3750,no,no
3010000,3630,no,no
3003000,8050,no,no
2975000,4352,no,no
2961000,3000,no,no
2940000,5850,no,no
2940000,4960,no,no
2940000,3600,no,no
2940000,3660,no,no
2940000,3480,no,no
2940000,2700,no,no
2940000,3150,no,no
2940000,6615,no,no
2870000,3040,no,no
2870000,3630,no,no
2870000,6000,no,no
2870000,5400,no,no
2852500,5200,no,no
2835000,3300,no,no
2835000,4350,no,no
2835000,2640,no,no
2800000,2650,no,no
2800000,3960,no,no
2730000,6800,no,no
2730000,4000,no,no
2695000,4000,no,no
2660000,3934,no,no
2660000,2000,no,no
2660000,3630,no,no
2660000,2800,no,no
2660000,2430,no,no
2660000,3480,no,no
2660000,4000,no,no
2653000,3185,yes,no
2653000,4000,yes,no
2604000,2910,no,no
2590000,3600,no,no
2590000,4400,no,no
2590000,3600,no,no
2520000,2880,no,no
2520000,3180,no,no
2520000,3000,no,no
2485000,4400,no,no
2485000,3000,no,no
2450000,3210,no,no
2450000,3240,no,no
2450000,3000,no,no
2450000,3500,no,no
2450000,4840,no,no
2450000,7700,no,no
2408000,3635,no,no
2380000,2475,no,no
2380000,2787,no,no
2380000,3264,no,no
2345000,3640,no,no
2310000,3180,no,no
2275000,1836,no,no
2275000,3970,no,no
2275000,3970,no,no
2240000,1950,no,no
2233000,5300,yes,yes
2135000,3000,no,no
2100000,2400,no,no
2100000,3000,no,no
2100000,3360,no,no
1960000,3420,no,no
1890000,1700,no,no
1890000,3649,no,no
1855000,2990,no,no
1820000,3000,no,no
1767150,2400,no,no
1750000,3620,no,no
1750000,2910,no,no
1750000,3850,no,no
